country_name,Lowest_inflation_Countries
Switzerland,0.09634797393955785
"Brunei Darussalam",0.10242819992708418
Japan,0.1721514864493936
"St. Kitts and Nevis",0.19726408392519756
Kiribati,0.24700043851686515
Cyprus,0.2602742752261382
Grenada,0.26737661815548885
Qatar,0.26900521101278363
Bahrain,0.269912878068127
Greece,0.2835773818461147
