country_name,GDP_Growth_Stability
Australia,0.9514375032975493
Jordan,1.0484584389381242
Comoros,1.1770875725911403
"New Zealand",1.2313833784581805
Togo,1.2356741960179485
